Transaction ID,Date,Customer ID,Gender,Age,Product,Category,Quantity,Price,Total Amount
T00384,2023-02-07,C063,Male,35,T-Shirt,Clothing,1,919.89,919.89
T00383,2023-02-22,C062,Male,43,Office Chair,Furniture,1,6748.56,6748.56
T00403,2023-02-25,C074,Male,61,Blender,Home & Kitchen,1,2997.2,2997.2
T00387,2023-03-11,C066,Male,64,Jacket,Clothing,2,4947.01,9894.02
T00386,2023-03-19,C065,Female,23,Rice Cooker,Home & Kitchen,1,3746.67,3746.67
T00377,2023-03-30,C058,Male,22,T-Shirt,Clothing,1,911.54,911.54
T00407,2023-04-18,C075,Female,55,Jeans,Clothing,1,2404.78,2404.78
T00398,2023-04-22,C071,Female,22,Blender,Home & Kitchen,2,2640.14,5280.28
T00380,2023-04-26,C059,Male,28,Jeans,Clothing,2,2391.64,4783.28
T00382,2023-05-24,C061,Male,50,Smartphone,Electronics,1,29536.4,29536.4
T00404,2023-06-10,C074,Male,61,Jeans,Clothing,1,1982.41,1982.41
T00405,2023-08-10,C075,Female,55,Office Chair,Furniture,2,7091.11,14182.22
T00381,2023-08-16,C060,Male,40,Jacket,Clothing,1,4225.94,4225.94
T00376,2023-08-22,C058,Male,22,Jeans,Clothing,1,2099.11,2099.11
T00412,2023-09-05,C077,Female,65,Smartphone,Electronics,2,32026.3,64052.6
T00397,2023-09-05,C070,Male,64,T-Shirt,Clothing,1,878.15,878.15
T00406,2023-09-07,C075,Female,55,T-Shirt,Clothing,1,949.48,949.48
T00396,2023-09-15,C070,Male,64,Rice Cooker,Home & Kitchen,1,3538.08,3538.08
T00410,2023-09-19,C076,Female,21,Jeans,Clothing,2,2228.33,4456.66
T00392,2023-09-24,C067,Female,26,Smartphone,Electronics,1,28159.25,28159.25
T00394,2023-10-17,C069,Female,37,Rice Cooker,Home & Kitchen,1,3802.95,3802.95
T00388,2023-10-24,C066,Male,64,Jeans,Clothing,1,2122.53,2122.53
T00389,2023-11-10,C066,Male,64,Jacket,Clothing,2,4775.57,9551.14
T00372,2023-11-14,C056,Female,47,T-Shirt,Clothing,1,942.25,942.25
T00391,2023-11-27,C067,Female,26,Jeans,Clothing,2,2237.29,4474.58
T00373,2024-01-05,C057,Male,45,Office Chair,Furniture,1,6337.21,6337.21
T00242,2024-01-06,C029,Female,41,Laptop,Electronics,1,66561.94,66561.94
T00265,2024-01-08,C033,Male,44,Jacket,Clothing,2,4134.66,8269.32
T00417,2024-01-20,C080,Female,39,T-Shirt,Clothing,1,827.43,827.43
T00299,2024-01-24,C040,Female,29,Office Chair,Furniture,3,7388.3,22164.9
T00241,2024-01-31,C029,Female,41,Desk Lamp,Furniture,1,1687.8,1687.8
T00309,2024-02-02,C043,Male,57,Blender,Home & Kitchen,2,2940.47,5880.94
T00360,2024-02-03,C053,Male,21,Laptop,Electronics,1,68570.11,68570.11
T00375,2024-02-08,C057,Male,45,T-Shirt,Clothing,1,946.42,946.42
T00230,2024-02-11,C027,Male,29,Jeans,Clothing,1,2117.53,2117.53
T00411,2024-02-11,C077,Female,65,Jeans,Clothing,2,2163.75,4327.5
T00250,2024-02-19,C031,Female,33,Laptop,Electronics,2,58747.44,117494.88
T00416,2024-02-19,C079,Female,25,Jeans,Clothing,2,2074.3,4148.6
T00257,2024-02-28,C032,Male,44,Jacket,Clothing,3,4609.61,13828.83
T00378,2024-03-04,C058,Male,22,Laptop,Electronics,1,58513.88,58513.88
T00272,2024-03-07,C035,Female,36,Office Chair,Furniture,3,6439.81,19319.43
T00243,2024-03-11,C029,Female,41,Headphones,Electronics,1,2545.1,2545.1
T00235,2024-03-11,C028,Male,25,Jeans,Clothing,2,2126.56,4253.12
T00232,2024-03-12,C027,Male,29,Laptop,Electronics,3,61191.27,183573.81
T00249,2024-03-13,C030,Female,50,Headphones,Electronics,2,2457.01,4914.02
T00345,2024-03-14,C050,Male,24,Desk Lamp,Furniture,1,1689.33,1689.33
T00254,2024-03-21,C031,Female,33,Rice Cooker,Home & Kitchen,1,3505.1,3505.1
T00302,2024-03-21,C041,Male,42,Jeans,Clothing,3,2051.97,6155.91
T00415,2024-03-23,C079,Female,25,T-Shirt,Clothing,2,817.22,1634.44
T00259,2024-03-25,C032,Male,44,Rice Cooker,Home & Kitchen,1,3735.37,3735.37
T00285,2024-03-27,C038,Male,29,Blender,Home & Kitchen,1,3010.96,3010.96
T00370,2024-03-28,C055,Male,57,Jeans,Clothing,3,2365.04,7095.12
T00329,2024-03-29,C047,Male,55,Rice Cooker,Home & Kitchen,3,3291.77,9875.31
T00363,2024-04-03,C053,Male,21,Office Chair,Furniture,2,7446.88,14893.76
T00308,2024-04-07,C043,Male,57,T-Shirt,Clothing,2,871.63,1743.26
T00290,2024-04-15,C039,Female,58,Smartphone,Electronics,1,30505.37,30505.37
T00255,2024-04-20,C031,Female,33,Desk Lamp,Furniture,1,1625.97,1625.97
T00374,2024-04-21,C057,Male,45,Laptop,Electronics,2,64820.5,129641.0
T00350,2024-04-22,C051,Female,57,Jeans,Clothing,2,2200.34,4400.68
T00317,2024-04-23,C045,Female,34,Rice Cooker,Home & Kitchen,3,3178.18,9534.54
T00258,2024-04-26,C032,Male,44,Laptop,Electronics,1,66229.38,66229.38
T00296,2024-04-28,C040,Female,29,Blender,Home & Kitchen,1,2996.75,2996.75
T00323,2024-05-01,C046,Male,25,T-Shirt,Clothing,2,883.47,1766.94
T00260,2024-05-01,C032,Male,44,Jacket,Clothing,1,4258.15,4258.15
T00282,2024-05-09,C037,Male,63,Jacket,Clothing,1,4283.5,4283.5
T00311,2024-05-15,C043,Male,57,Jeans,Clothing,1,1981.02,1981.02
T00358,2024-05-21,C052,Male,35,Smartphone,Electronics,3,32274.41,96823.23
T00399,2024-05-22,C072,Male,55,Headphones,Electronics,2,2663.39,5326.78
T00344,2024-05-29,C050,Male,24,Blender,Home & Kitchen,1,2584.79,2584.79
T00357,2024-05-30,C052,Male,35,Office Chair,Furniture,2,6987.76,13975.52
T00280,2024-06-04,C037,Male,63,Laptop,Electronics,2,69953.47,139906.94
T00332,2024-06-12,C047,Male,55,T-Shirt,Clothing,2,881.94,1763.88
T00408,2024-06-14,C076,Female,21,Headphones,Electronics,2,2547.14,5094.28
T00413,2024-06-16,C077,Female,65,T-Shirt,Clothing,1,967.38,967.38
T00226,2024-06-19,C026,Female,46,Smartphone,Electronics,2,30373.02,60746.04
T00393,2024-06-19,C068,Male,65,Jacket,Clothing,2,4372.81,8745.62
T00385,2024-06-20,C064,Male,38,Desk Lamp,Furniture,2,1655.94,3311.88
T00341,2024-07-03,C049,Male,58,Jacket,Clothing,1,4246.97,4246.97
T00246,2024-07-05,C030,Female,50,Desk Lamp,Furniture,1,1783.6,1783.6
T00202,2024-07-05,C024,Female,49,Rice Cooker,Home & Kitchen,3,3710.61,11131.83
T00125,2024-07-07,C015,Male,50,T-Shirt,Clothing,2,863.16,1726.32
T00292,2024-07-08,C039,Female,58,Jeans,Clothing,1,2319.84,2319.84
T00066,2024-07-10,C008,Male,63,Laptop,Electronics,2,65082.29,130164.58
T00326,2024-07-13,C046,Male,25,T-Shirt,Clothing,1,845.61,845.61
T00132,2024-07-16,C015,Male,50,Laptop,Electronics,3,61076.65,183229.95
T00061,2024-07-18,C008,Male,63,Blender,Home & Kitchen,1,2605.84,2605.84
T00253,2024-07-21,C031,Female,33,Jacket,Clothing,1,4179.35,4179.35
T00227,2024-07-23,C026,Female,46,Rice Cooker,Home & Kitchen,1,3818.74,3818.74
T00143,2024-07-24,C017,Male,25,Rice Cooker,Home & Kitchen,2,3214.2,6428.4
T00063,2024-07-25,C008,Male,63,Smartphone,Electronics,1,31664.43,31664.43
T00010,2024-07-25,C001,Male,55,Jacket,Clothing,3,4920.76,14762.28
T00325,2024-07-26,C046,Male,25,Rice Cooker,Home & Kitchen,2,3614.04,7228.08
T00365,2024-07-28,C054,Male,46,Jacket,Clothing,2,4725.24,9450.48
T00093,2024-07-29,C011,Female,62,Laptop,Electronics,3,70234.49,210703.47
T00239,2024-07-30,C029,Female,41,Laptop,Electronics,2,67750.25,135500.5
T00279,2024-07-31,C036,Female,28,Rice Cooker,Home & Kitchen,1,3387.63,3387.63
T00086,2024-07-31,C011,Female,62,Laptop,Electronics,2,67349.29,134698.58
T00180,2024-08-01,C021,Female,36,Jeans,Clothing,3,2351.57,7054.71
T00098,2024-08-03,C012,Female,29,T-Shirt,Clothing,1,885.04,885.04
T00278,2024-08-04,C036,Female,28,T-Shirt,Clothing,1,833.6,833.6
T00269,2024-08-06,C034,Male,40,Blender,Home & Kitchen,2,3011.88,6023.76
T00162,2024-08-09,C019,Female,60,Laptop,Electronics,1,62843.69,62843.69
T00251,2024-08-09,C031,Female,33,Smartphone,Electronics,2,31248.55,62497.1
T00173,2024-08-13,C021,Female,36,Rice Cooker,Home & Kitchen,1,3478.53,3478.53
T00287,2024-08-14,C038,Male,29,Laptop,Electronics,3,60291.32,180873.96
T00199,2024-08-16,C023,Female,40,Blender,Home & Kitchen,2,2980.65,5961.3
T00267,2024-08-17,C034,Male,40,Smartphone,Electronics,3,28197.25,84591.75
T00116,2024-08-18,C013,Female,59,Headphones,Electronics,3,2585.62,7756.86
T00379,2024-08-22,C059,Male,28,Rice Cooker,Home & Kitchen,2,3773.18,7546.36
T00107,2024-08-22,C013,Female,59,Laptop,Electronics,2,60286.3,120572.6
T00130,2024-08-28,C015,Male,50,Jacket,Clothing,1,4131.4,4131.4
T00304,2024-08-30,C042,Male,59,Desk Lamp,Furniture,1,1735.75,1735.75
T00209,2024-09-01,C024,Female,49,Office Chair,Furniture,2,6562.63,13125.26
T00050,2024-09-04,C006,Male,38,Jacket,Clothing,2,4704.3,9408.6
T00196,2024-09-07,C023,Female,40,Blender,Home & Kitchen,3,3071.9,9215.7
T00234,2024-09-08,C027,Male,29,Laptop,Electronics,1,69715.94,69715.94
T00371,2024-09-08,C055,Male,57,Desk Lamp,Furniture,3,1689.23,5067.69
T00025,2024-09-08,C004,Male,38,Blender,Home & Kitchen,2,2892.02,5784.04
T00262,2024-09-10,C033,Male,44,Rice Cooker,Home & Kitchen,2,3546.86,7093.72
T00069,2024-09-10,C009,Female,56,Desk Lamp,Furniture,1,1728.34,1728.34
T00106,2024-09-11,C013,Female,59,Jeans,Clothing,2,2299.31,4598.62
T00402,2024-09-11,C073,Female,20,Laptop,Electronics,1,67345.44,67345.44
T00369,2024-09-11,C055,Male,57,Desk Lamp,Furniture,3,1855.27,5565.81
T00215,2024-09-12,C025,Male,65,Laptop,Electronics,2,58729.69,117459.38
T00395,2024-09-12,C069,Female,37,Jeans,Clothing,2,2178.46,4356.92
T00122,2024-09-15,C014,Female,48,Desk Lamp,Furniture,2,1878.39,3756.78
T00019,2024-09-15,C003,Female,45,Laptop,Electronics,2,64624.25,129248.5
T00266,2024-09-17,C033,Male,44,Office Chair,Furniture,2,7255.61,14511.22
T00168,2024-09-18,C020,Female,37,Headphones,Electronics,2,2570.44,5140.88
T00342,2024-09-18,C049,Male,58,Office Chair,Furniture,1,6534.78,6534.78
T00236,2024-09-19,C028,Male,25,Blender,Home & Kitchen,2,2991.07,5982.14
T00149,2024-09-20,C017,Male,25,Headphones,Electronics,3,2309.61,6928.83
T00315,2024-09-21,C044,Male,37,Jeans,Clothing,2,2270.38,4540.76
T00414,2024-09-21,C078,Male,21,Jeans,Clothing,1,2283.66,2283.66
T00152,2024-09-23,C018,Male,47,Smartphone,Electronics,2,30529.84,61059.68
T00085,2024-09-23,C011,Female,62,Laptop,Electronics,2,60770.34,121540.68
T00223,2024-09-24,C025,Male,65,Smartphone,Electronics,1,31751.85,31751.85
T00134,2024-09-24,C016,Female,18,Jeans,Clothing,1,2332.65,2332.65
T00401,2024-09-25,C073,Female,20,Jeans,Clothing,1,2234.75,2234.75
T00056,2024-09-29,C007,Female,35,T-Shirt,Clothing,3,970.5,2911.5
T00084,2024-09-29,C011,Female,62,Smartphone,Electronics,2,27692.94,55385.88
T00030,2024-09-30,C004,Male,38,Smartphone,Electronics,2,30781.7,61563.4
T00112,2024-10-03,C013,Female,59,Jeans,Clothing,2,2209.96,4419.92
T00144,2024-10-04,C017,Male,25,Smartphone,Electronics,2,29751.36,59502.72
T00361,2024-10-05,C053,Male,21,Laptop,Electronics,1,69200.66,69200.66
T00409,2024-10-06,C076,Female,21,T-Shirt,Clothing,2,828.2,1656.4
T00105,2024-10-06,C012,Female,29,Smartphone,Electronics,2,31168.79,62337.58
T00037,2024-10-06,C005,Male,22,Rice Cooker,Home & Kitchen,2,3452.47,6904.94
T00175,2024-10-08,C021,Female,36,Laptop,Electronics,2,62296.77,124593.54
T00074,2024-10-08,C010,Male,25,Blender,Home & Kitchen,3,2781.73,8345.19
T00400,2024-10-12,C072,Male,55,Jacket,Clothing,2,4652.05,9304.1
T00083,2024-10-14,C010,Male,25,Smartphone,Electronics,3,27863.23,83589.69
T00390,2024-10-17,C067,Female,26,Jeans,Clothing,1,2407.19,2407.19
T00340,2024-10-18,C049,Male,58,Rice Cooker,Home & Kitchen,2,3330.47,6660.94
T00245,2024-10-19,C030,Female,50,Blender,Home & Kitchen,1,2999.08,2999.08
T00216,2024-10-19,C025,Male,65,T-Shirt,Clothing,3,871.79,2615.37
T00036,2024-10-20,C005,Male,22,Jeans,Clothing,2,2356.91,4713.82
T00240,2024-10-21,C029,Female,41,Smartphone,Electronics,2,27829.23,55658.46
T00324,2024-10-23,C046,Male,25,Smartphone,Electronics,2,27550.34,55100.68
T00283,2024-10-26,C037,Male,63,Laptop,Electronics,1,70971.32,70971.32
T00349,2024-10-31,C050,Male,24,Rice Cooker,Home & Kitchen,3,3228.29,9684.87
T00006,2024-11-02,C001,Male,55,Laptop,Electronics,3,66711.64,200134.92
T00284,2024-11-03,C037,Male,63,Rice Cooker,Home & Kitchen,2,3227.48,6454.96
T00176,2024-11-05,C021,Female,36,T-Shirt,Clothing,3,898.79,2696.37
T00204,2024-11-06,C024,Female,49,Laptop,Electronics,3,65190.18,195570.54
T00101,2024-11-07,C012,Female,29,Desk Lamp,Furniture,2,1949.89,3899.78
T00090,2024-11-07,C011,Female,62,Jeans,Clothing,3,2001.67,6005.01
T00300,2024-11-09,C041,Male,42,Jacket,Clothing,1,4441.11,4441.11
T00016,2024-11-09,C002,Female,37,Laptop,Electronics,2,61098.81,122197.62
T00244,2024-11-11,C030,Female,50,Office Chair,Furniture,1,7166.77,7166.77
T00178,2024-11-11,C021,Female,36,Jacket,Clothing,2,4653.18,9306.36
T00314,2024-11-13,C044,Male,37,Desk Lamp,Furniture,1,1734.9,1734.9
T00034,2024-11-21,C004,Male,38,T-Shirt,Clothing,2,859.0,1718.0
T00205,2024-11-22,C024,Female,49,Laptop,Electronics,2,63717.62,127435.24
T00231,2024-11-25,C027,Male,29,Laptop,Electronics,3,63498.56,190495.68
T00270,2024-11-26,C035,Female,36,Blender,Home & Kitchen,2,2958.46,5916.92
T00353,2024-11-26,C051,Female,57,Blender,Home & Kitchen,1,2698.26,2698.26
T00141,2024-11-26,C017,Male,25,Desk Lamp,Furniture,2,1639.62,3279.24
T00080,2024-11-28,C010,Male,25,Smartphone,Electronics,2,28419.97,56839.94
T00163,2024-12-02,C019,Female,60,Smartphone,Electronics,2,31456.16,62912.32
T00306,2024-12-03,C042,Male,59,Smartphone,Electronics,2,32931.62,65863.24
T00237,2024-12-04,C028,Male,25,T-Shirt,Clothing,1,853.65,853.65
T00219,2024-12-04,C025,Male,65,Smartphone,Electronics,2,32454.39,64908.78
T00320,2024-12-05,C045,Female,34,T-Shirt,Clothing,1,875.94,875.94
T00076,2024-12-06,C010,Male,25,Blender,Home & Kitchen,3,2650.28,7950.84
T00301,2024-12-08,C041,Male,42,Smartphone,Electronics,1,32713.5,32713.5
T00364,2024-12-10,C053,Male,21,Laptop,Electronics,2,68091.37,136182.74
T00222,2024-12-12,C025,Male,65,Smartphone,Electronics,1,32245.89,32245.89
T00333,2024-12-13,C048,Female,39,Jeans,Clothing,1,2365.05,2365.05
T00049,2024-12-13,C006,Male,38,Laptop,Electronics,2,67239.12,134478.24
T00351,2024-12-18,C051,Female,57,Rice Cooker,Home & Kitchen,2,3844.43,7688.86
T00164,2024-12-20,C019,Female,60,Laptop,Electronics,2,69635.12,139270.24
T00059,2024-12-21,C007,Female,35,Jacket,Clothing,2,4135.02,8270.04
T00186,2024-12-21,C022,Male,33,Laptop,Electronics,1,70556.99,70556.99
T00054,2024-12-22,C007,Female,35,Smartphone,Electronics,2,28535.79,57071.58
T00088,2024-12-22,C011,Female,62,Office Chair,Furniture,3,6360.87,19082.61
T00064,2024-12-23,C008,Male,63,T-Shirt,Clothing,3,835.9,2507.7
T00094,2024-12-24,C012,Female,29,Blender,Home & Kitchen,3,2879.79,8639.37
T00096,2024-12-25,C012,Female,29,Office Chair,Furniture,2,6947.92,13895.84
T00220,2024-12-26,C025,Male,65,Jeans,Clothing,3,2239.93,6719.79
T00041,2024-12-29,C005,Male,22,Laptop,Electronics,1,60717.71,60717.71
T00027,2024-12-31,C004,Male,38,Laptop,Electronics,1,67890.67,67890.67
T00077,2024-12-31,C010,Male,25,Jeans,Clothing,2,2361.81,4723.62
T00276,2024-12-31,C036,Female,28,Jeans,Clothing,2,2244.78,4489.56
T00169,2024-12-31,C020,Female,37,Smartphone,Electronics,1,30150.53,30150.53
T00297,2025-01-01,C040,Female,29,T-Shirt,Clothing,3,905.55,2716.65
T00277,2025-01-02,C036,Female,28,Jeans,Clothing,3,2066.57,6199.71
T00032,2025-01-03,C004,Male,38,Office Chair,Furniture,3,7279.59,21838.77
T00256,2025-01-04,C032,Male,44,Smartphone,Electronics,2,32383.81,64767.62
T00157,2025-01-05,C018,Male,47,T-Shirt,Clothing,2,922.68,1845.36
T00155,2025-01-09,C018,Male,47,Rice Cooker,Home & Kitchen,2,3603.56,7207.12
T00008,2025-01-11,C001,Male,55,Office Chair,Furniture,2,6572.49,13144.98
T00322,2025-01-11,C046,Male,25,Desk Lamp,Furniture,2,1770.95,3541.9
T00225,2025-01-11,C026,Female,46,Office Chair,Furniture,2,7563.58,15127.16
T00048,2025-01-16,C006,Male,38,Office Chair,Furniture,3,6496.35,19489.05
T00201,2025-01-21,C023,Female,40,Laptop,Electronics,3,67772.36,203317.08
T00060,2025-01-22,C007,Female,35,Rice Cooker,Home & Kitchen,2,3805.77,7611.54
T00203,2025-01-26,C024,Female,49,Smartphone,Electronics,1,30731.39,30731.39
T00183,2025-01-27,C022,Male,33,T-Shirt,Clothing,2,905.65,1811.3
T00289,2025-01-29,C039,Female,58,Jacket,Clothing,2,4277.93,8555.86
T00295,2025-01-29,C040,Female,29,Jeans,Clothing,1,2177.94,2177.94
T00310,2025-02-01,C043,Male,57,Blender,Home & Kitchen,3,3037.32,9111.96
T00214,2025-02-01,C025,Male,65,T-Shirt,Clothing,2,875.77,1751.54
T00367,2025-02-03,C054,Male,46,Blender,Home & Kitchen,1,2586.59,2586.59
T00070,2025-02-04,C009,Female,56,T-Shirt,Clothing,2,982.01,1964.02
T00275,2025-02-05,C036,Female,28,T-Shirt,Clothing,1,919.57,919.57
T00224,2025-02-09,C026,Female,46,Jeans,Clothing,2,2417.67,4835.34
T00026,2025-02-10,C004,Male,38,Blender,Home & Kitchen,2,2613.5,5227.0
T00312,2025-02-12,C043,Male,57,Desk Lamp,Furniture,1,1642.34,1642.34
T00207,2025-02-13,C024,Female,49,Headphones,Electronics,3,2676.67,8030.01
T00040,2025-02-14,C005,Male,22,T-Shirt,Clothing,1,836.01,836.01
T00091,2025-02-14,C011,Female,62,Headphones,Electronics,3,2300.84,6902.52
T00211,2025-02-19,C024,Female,49,Desk Lamp,Furniture,3,1726.69,5180.07
T00362,2025-02-20,C053,Male,21,Smartphone,Electronics,1,32164.81,32164.81
T00352,2025-02-21,C051,Female,57,Desk Lamp,Furniture,1,1654.27,1654.27
T00182,2025-02-22,C022,Male,33,Jeans,Clothing,3,2354.12,7062.36
T00174,2025-02-24,C021,Female,36,Laptop,Electronics,2,70292.35,140584.7
T00015,2025-02-24,C002,Female,37,Headphones,Electronics,3,2394.16,7182.48
T00316,2025-02-24,C044,Male,37,Jeans,Clothing,2,2398.03,4796.06
T00023,2025-02-25,C003,Female,45,Headphones,Electronics,3,2366.97,7100.91
T00001,2025-02-26,C001,Male,55,Office Chair,Furniture,1,6431.85,6431.85
T00193,2025-02-27,C023,Female,40,Jacket,Clothing,2,4936.12,9872.24
T00127,2025-02-28,C015,Male,50,Office Chair,Furniture,2,6454.82,12909.64
T00328,2025-03-02,C047,Male,55,Headphones,Electronics,2,2391.76,4783.52
T00167,2025-03-04,C020,Female,37,Smartphone,Electronics,3,31125.99,93377.97
T00004,2025-03-05,C001,Male,55,Desk Lamp,Furniture,3,1916.19,5748.57
T00138,2025-03-08,C016,Female,18,Laptop,Electronics,1,65058.9,65058.9
T00033,2025-03-09,C004,Male,38,Desk Lamp,Furniture,2,1900.35,3800.7
T00012,2025-03-12,C002,Female,37,T-Shirt,Clothing,1,850.84,850.84
T00238,2025-03-12,C029,Female,41,Headphones,Electronics,2,2715.19,5430.38
T00113,2025-03-13,C013,Female,59,Rice Cooker,Home & Kitchen,3,3494.51,10483.53
T00170,2025-03-14,C020,Female,37,Smartphone,Electronics,1,32017.83,32017.83
T00044,2025-03-14,C006,Male,38,Laptop,Electronics,3,64826.56,194479.68
T00018,2025-03-16,C002,Female,37,Blender,Home & Kitchen,2,2776.99,5553.98
T00150,2025-03-18,C017,Male,25,Laptop,Electronics,3,62461.16,187383.48
T00154,2025-03-20,C018,Male,47,Smartphone,Electronics,2,30434.75,60869.5
T00233,2025-03-22,C027,Male,29,T-Shirt,Clothing,2,884.99,1769.98
T00331,2025-03-24,C047,Male,55,Rice Cooker,Home & Kitchen,2,3587.83,7175.66
T00197,2025-03-26,C023,Female,40,T-Shirt,Clothing,2,884.08,1768.16
T00336,2025-03-26,C048,Female,39,Rice Cooker,Home & Kitchen,2,3383.88,6767.76
T00366,2025-04-01,C054,Male,46,T-Shirt,Clothing,2,849.45,1698.9
T00298,2025-04-05,C040,Female,29,Headphones,Electronics,1,2330.63,2330.63
T00166,2025-04-06,C020,Female,37,Desk Lamp,Furniture,2,1978.37,3956.74
T00263,2025-04-08,C033,Male,44,Blender,Home & Kitchen,2,2754.79,5509.58
T00252,2025-04-08,C031,Female,33,Blender,Home & Kitchen,3,3018.41,9055.23
T00294,2025-04-09,C040,Female,29,Headphones,Electronics,1,2673.24,2673.24
T00055,2025-04-09,C007,Female,35,Desk Lamp,Furniture,1,1636.17,1636.17
T00184,2025-04-10,C022,Male,33,Headphones,Electronics,1,2708.67,2708.67
T00271,2025-04-12,C035,Female,36,Jacket,Clothing,2,4863.58,9727.16
T00160,2025-04-12,C019,Female,60,Smartphone,Electronics,2,29964.85,59929.7
T00092,2025-04-14,C011,Female,62,Blender,Home & Kitchen,1,3037.91,3037.91
T00248,2025-04-14,C030,Female,50,T-Shirt,Clothing,3,953.86,2861.58
T00158,2025-04-15,C018,Male,47,T-Shirt,Clothing,2,942.61,1885.22
T00189,2025-04-15,C022,Male,33,Desk Lamp,Furniture,2,1843.33,3686.66
T00181,2025-04-18,C022,Male,33,Office Chair,Furniture,3,7006.71,21020.13
T00307,2025-04-18,C043,Male,57,Jeans,Clothing,3,2385.09,7155.27
T00139,2025-04-23,C016,Female,18,Jacket,Clothing,2,4816.02,9632.04
T00046,2025-04-24,C006,Male,38,Smartphone,Electronics,2,28989.41,57978.82
T00047,2025-04-26,C006,Male,38,T-Shirt,Clothing,2,813.89,1627.78
T00281,2025-04-26,C037,Male,63,Headphones,Electronics,2,2342.88,4685.76
T00293,2025-04-30,C039,Female,58,Headphones,Electronics,2,2310.33,4620.66
T00104,2025-04-30,C012,Female,29,Jacket,Clothing,2,4309.34,8618.68
T00368,2025-04-30,C054,Male,46,Smartphone,Electronics,1,28052.08,28052.08
T00355,2025-05-02,C052,Male,35,Blender,Home & Kitchen,1,2985.99,2985.99
T00339,2025-05-03,C049,Male,58,Jeans,Clothing,2,2085.7,4171.4
T00022,2025-05-04,C003,Female,45,Laptop,Electronics,2,61289.6,122579.2
T00013,2025-05-06,C002,Female,37,T-Shirt,Clothing,2,959.88,1919.76
T00188,2025-05-08,C022,Male,33,Smartphone,Electronics,1,31218.2,31218.2
T00286,2025-05-08,C038,Male,29,Desk Lamp,Furniture,3,1973.65,5920.95
T00228,2025-05-13,C026,Female,46,Jeans,Clothing,2,1995.77,3991.54
T00043,2025-05-16,C005,Male,22,Jeans,Clothing,2,2401.77,4803.54
T00039,2025-05-17,C005,Male,22,Laptop,Electronics,3,59040.98,177122.94
T00177,2025-05-18,C021,Female,36,Laptop,Electronics,2,69466.65,138933.3
T00156,2025-05-19,C018,Male,47,Smartphone,Electronics,2,31724.59,63449.18
T00042,2025-05-19,C005,Male,22,Desk Lamp,Furniture,3,1744.87,5234.61
T00111,2025-05-20,C013,Female,59,Jeans,Clothing,1,2228.58,2228.58
T00087,2025-05-21,C011,Female,62,Headphones,Electronics,3,2502.26,7506.78
T00313,2025-05-24,C044,Male,37,Smartphone,Electronics,1,30793.7,30793.7
T00273,2025-05-24,C035,Female,36,Headphones,Electronics,2,2261.57,4523.14
T00153,2025-05-27,C018,Male,47,Laptop,Electronics,2,63939.2,127878.4
T00099,2025-05-28,C012,Female,29,Headphones,Electronics,1,2433.2,2433.2
T00031,2025-05-30,C004,Male,38,Laptop,Electronics,2,60034.08,120068.16
T00337,2025-06-01,C048,Female,39,Desk Lamp,Furniture,1,1952.59,1952.59
T00142,2025-06-01,C017,Male,25,Jeans,Clothing,1,2369.02,2369.02
T00095,2025-06-04,C012,Female,29,Laptop,Electronics,3,65468.88,196406.64
T00185,2025-06-11,C022,Male,33,Smartphone,Electronics,2,29033.13,58066.26
T00014,2025-06-11,C002,Female,37,Smartphone,Electronics,2,31993.56,63987.12
T00075,2025-06-14,C010,Male,25,Laptop,Electronics,3,59918.87,179756.61
T00073,2025-06-14,C009,Female,56,Laptop,Electronics,2,71061.01,142122.02
T00217,2025-06-14,C025,Male,65,T-Shirt,Clothing,3,945.35,2836.05
T00146,2025-06-15,C017,Male,25,Laptop,Electronics,1,62417.45,62417.45
T00005,2025-06-19,C001,Male,55,T-Shirt,Clothing,2,909.83,1819.66
T00179,2025-06-22,C021,Female,36,Rice Cooker,Home & Kitchen,2,3406.63,6813.26
T00131,2025-06-22,C015,Male,50,Office Chair,Furniture,3,6637.16,19911.48
T00318,2025-06-24,C045,Female,34,Jeans,Clothing,1,2309.83,2309.83
T00261,2025-06-25,C032,Male,44,Headphones,Electronics,3,2555.39,7666.17
T00335,2025-06-25,C048,Female,39,T-Shirt,Clothing,3,908.02,2724.06
T00291,2025-06-28,C039,Female,58,Blender,Home & Kitchen,2,2727.9,5455.8
T00071,2025-06-29,C009,Female,56,Smartphone,Electronics,3,27149.16,81447.48
T00020,2025-07-02,C003,Female,45,Jeans,Clothing,1,2259.28,2259.28
T00343,2025-07-03,C049,Male,58,Laptop,Electronics,1,68867.64,68867.64
T00136,2025-07-03,C016,Female,18,Desk Lamp,Furniture,3,1897.96,5693.88
T00327,2025-07-03,C047,Male,55,Headphones,Electronics,3,2314.68,6944.04
T00045,2025-07-04,C006,Male,38,Desk Lamp,Furniture,2,1825.82,3651.64
T00210,2025-07-08,C024,Female,49,Headphones,Electronics,1,2608.82,2608.82
T00347,2025-07-14,C050,Male,24,Desk Lamp,Furniture,3,1645.07,4935.21
T00187,2025-07-15,C022,Male,33,Smartphone,Electronics,2,30590.86,61181.72
T00028,2025-07-18,C004,Male,38,Smartphone,Electronics,2,30006.27,60012.54
T00002,2025-07-18,C001,Male,55,Desk Lamp,Furniture,2,1902.98,3805.96
T00206,2025-07-20,C024,Female,49,Jacket,Clothing,3,4263.89,12791.67
T00213,2025-07-20,C025,Male,65,Jeans,Clothing,1,2382.73,2382.73
T00148,2025-07-20,C017,Male,25,Desk Lamp,Furniture,1,1803.01,1803.01
T00319,2025-07-24,C045,Female,34,Desk Lamp,Furniture,2,1857.6,3715.2
T00165,2025-07-25,C020,Female,37,Jeans,Clothing,1,2032.66,2032.66
T00068,2025-07-28,C009,Female,56,Rice Cooker,Home & Kitchen,3,3236.63,9709.89
T00038,2025-07-30,C005,Male,22,Jacket,Clothing,1,4634.86,4634.86
T00191,2025-07-31,C023,Female,40,Blender,Home & Kitchen,2,2583.9,5167.8
T00356,2025-08-01,C052,Male,35,Jeans,Clothing,3,2121.48,6364.44
T00330,2025-08-04,C047,Male,55,Jacket,Clothing,2,4907.63,9815.26
T00305,2025-08-07,C042,Male,59,Jeans,Clothing,2,2156.2,4312.4
T00195,2025-08-07,C023,Female,40,Headphones,Electronics,1,2270.47,2270.47
T00140,2025-08-08,C017,Male,25,Smartphone,Electronics,1,31259.43,31259.43
T00359,2025-08-08,C052,Male,35,Smartphone,Electronics,1,30203.04,30203.04
T00120,2025-08-09,C014,Female,48,Rice Cooker,Home & Kitchen,2,3537.1,7074.2
T00100,2025-08-09,C012,Female,29,Headphones,Electronics,2,2592.87,5185.74
T00268,2025-08-10,C034,Male,40,Desk Lamp,Furniture,3,1696.37,5089.11
T00221,2025-08-12,C025,Male,65,Jacket,Clothing,1,4267.23,4267.23
T00062,2025-08-14,C008,Male,63,Jeans,Clothing,1,2364.81,2364.81
T00078,2025-08-18,C010,Male,25,Headphones,Electronics,2,2437.09,4874.18
T00229,2025-08-22,C026,Female,46,Smartphone,Electronics,3,27246.47,81739.41
T00003,2025-08-22,C001,Male,55,Laptop,Electronics,3,63320.37,189961.11
T00348,2025-08-22,C050,Male,24,Blender,Home & Kitchen,1,2671.55,2671.55
T00190,2025-08-23,C023,Female,40,Office Chair,Furniture,2,7648.5,15297.0
T00288,2025-08-24,C038,Male,29,Jacket,Clothing,1,4137.28,4137.28
T00021,2025-08-24,C003,Female,45,Jeans,Clothing,1,2113.74,2113.74
T00346,2025-08-27,C050,Male,24,Jeans,Clothing,1,2252.65,2252.65
T00321,2025-08-28,C045,Female,34,Blender,Home & Kitchen,1,2834.62,2834.62
T00212,2025-08-30,C024,Female,49,Laptop,Electronics,2,65973.34,131946.68
T00117,2025-08-30,C013,Female,59,Smartphone,Electronics,2,31575.19,63150.38
T00133,2025-08-31,C015,Male,50,Office Chair,Furniture,2,6350.63,12701.26
T00009,2025-09-01,C001,Male,55,T-Shirt,Clothing,2,837.77,1675.54
T00303,2025-09-01,C041,Male,42,Jacket,Clothing,3,4277.87,12833.61
T00128,2025-09-02,C015,Male,50,Desk Lamp,Furniture,1,1722.21,1722.21
T00097,2025-09-04,C012,Female,29,Jacket,Clothing,2,4289.82,8579.64
T00151,2025-09-05,C018,Male,47,Jacket,Clothing,2,4420.63,8841.26
T00334,2025-09-07,C048,Female,39,Jeans,Clothing,2,2391.81,4783.62
T00110,2025-09-10,C013,Female,59,Smartphone,Electronics,2,27570.3,55140.6
T00118,2025-09-10,C014,Female,48,Smartphone,Electronics,2,27945.67,55891.34
T00247,2025-09-10,C030,Female,50,Desk Lamp,Furniture,2,1750.15,3500.3
T00114,2025-09-12,C013,Female,59,Jeans,Clothing,1,2032.68,2032.68
T00109,2025-09-13,C013,Female,59,Blender,Home & Kitchen,3,3049.78,9149.34
T00172,2025-09-14,C020,Female,37,Laptop,Electronics,3,64327.19,192981.57
T00017,2025-09-15,C002,Female,37,Blender,Home & Kitchen,1,2892.32,2892.32
T00354,2025-09-16,C051,Female,57,Jeans,Clothing,1,2002.62,2002.62
T00338,2025-09-17,C049,Male,58,Blender,Home & Kitchen,3,2947.05,8841.15
T00264,2025-09-20,C033,Male,44,Jacket,Clothing,3,4766.43,14299.29
T00274,2025-09-23,C036,Female,28,Blender,Home & Kitchen,1,3017.04,3017.04
T00126,2025-09-27,C015,Male,50,T-Shirt,Clothing,2,864.35,1728.7
T00007,2025-09-28,C001,Male,55,Rice Cooker,Home & Kitchen,2,3829.49,7658.98
T00053,2025-09-29,C007,Female,35,Blender,Home & Kitchen,3,3053.62,9160.86
T00161,2025-10-03,C019,Female,60,Laptop,Electronics,1,69445.91,69445.91
T00137,2025-10-08,C016,Female,18,Blender,Home & Kitchen,2,2542.48,5084.96
T00123,2025-10-08,C014,Female,48,Laptop,Electronics,3,69556.94,208670.82
T00089,2025-10-11,C011,Female,62,Smartphone,Electronics,3,28496.33,85488.99
T00102,2025-10-12,C012,Female,29,Smartphone,Electronics,2,30212.61,60425.22
T00024,2025-10-12,C003,Female,45,Laptop,Electronics,3,62316.72,186950.16
T00192,2025-10-19,C023,Female,40,Rice Cooker,Home & Kitchen,3,3537.17,10611.51
T00124,2025-10-25,C014,Female,48,Laptop,Electronics,2,66147.35,132294.7
T00129,2025-10-26,C015,Male,50,Blender,Home & Kitchen,1,3079.5,3079.5
T00082,2025-10-28,C010,Male,25,Jeans,Clothing,1,2044.32,2044.32
T00058,2025-11-02,C007,Female,35,T-Shirt,Clothing,2,948.96,1897.92
T00208,2025-11-08,C024,Female,49,Jeans,Clothing,2,2154.65,4309.3
T00035,2025-11-08,C005,Male,22,T-Shirt,Clothing,2,865.07,1730.14
T00011,2025-11-10,C002,Female,37,T-Shirt,Clothing,2,844.1,1688.2
T00171,2025-11-18,C020,Female,37,Jeans,Clothing,3,2349.19,7047.57
T00159,2025-11-18,C019,Female,60,T-Shirt,Clothing,2,953.98,1907.96
T00200,2025-11-20,C023,Female,40,Laptop,Electronics,1,59133.08,59133.08
T00072,2025-11-20,C009,Female,56,Jeans,Clothing,1,2026.59,2026.59
T00079,2025-11-21,C010,Male,25,Jacket,Clothing,2,4830.74,9661.48
T00067,2025-11-22,C008,Male,63,Jeans,Clothing,2,2067.9,4135.8
T00115,2025-11-24,C013,Female,59,Laptop,Electronics,2,67052.22,134104.44
T00065,2025-11-25,C008,Male,63,Smartphone,Electronics,1,27790.93,27790.93
T00108,2025-11-26,C013,Female,59,Desk Lamp,Furniture,1,1833.73,1833.73
T00029,2025-11-27,C004,Male,38,Rice Cooker,Home & Kitchen,1,3462.31,3462.31
T00051,2025-11-28,C006,Male,38,Laptop,Electronics,3,70408.15,211224.45
T00147,2025-12-02,C017,Male,25,Jeans,Clothing,2,2265.66,4531.32
T00121,2025-12-04,C014,Female,48,Blender,Home & Kitchen,3,2788.45,8365.35
T00218,2025-12-09,C025,Male,65,Jeans,Clothing,3,2374.68,7124.04
T00119,2025-12-10,C014,Female,48,Desk Lamp,Furniture,1,1777.65,1777.65
T00103,2025-12-10,C012,Female,29,Jacket,Clothing,3,4773.95,14321.85
T00135,2025-12-11,C016,Female,18,Office Chair,Furniture,1,6380.12,6380.12
T00194,2025-12-15,C023,Female,40,Smartphone,Electronics,3,31499.9,94499.7
T00052,2025-12-18,C006,Male,38,Laptop,Electronics,1,65713.08,65713.08
T00198,2025-12-19,C023,Female,40,Blender,Home & Kitchen,2,2831.06,5662.12
T00145,2025-12-21,C017,Male,25,Blender,Home & Kitchen,2,2840.55,5681.1
T00057,2025-12-27,C007,Female,35,Rice Cooker,Home & Kitchen,3,3775.41,11326.23
T00081,2025-12-29,C010,Male,25,Blender,Home & Kitchen,2,2578.96,5157.92
